{"cameraMode":{"drawMode":0,"name":"Shaded","section":"Shading Mode"},"sceneLighting":true,"audioPlay":false,"sceneViewState":{"showFog":true,"showMaterialUpdate":true,"showSkybox":true,"showFlares":true,"showImageEffects":true,"showParticleSystems":true},"in2DMode":false,"pivot":{"x":166.7029571533203,"y":-10.950735092163086,"z":9.914061546325684},"rotation":{"x":0.03674269840121269,"y":0.674207866191864,"z":-0.033602725714445117,"w":0.7369053959846497},"size":192.1236572265625,"orthographic":false}