{"cameraMode":{"drawMode":0,"name":"Shaded","section":"Shading Mode"},"sceneLighting":false,"audioPlay":false,"sceneViewState":{"showFog":true,"showMaterialUpdate":true,"showSkybox":true,"showFlares":true,"showImageEffects":true,"showParticleSystems":true},"in2DMode":false,"pivot":{"x":-2.8322248458862306,"y":-0.4799473285675049,"z":6.005638122558594},"rotation":{"x":-0.10622277855873108,"y":0.7100577354431152,"z":-0.10971774160861969,"w":-0.6874169707298279},"size":12.968742370605469,"orthographic":false}